"#","Application.Term","GPA.2145","GPA.2155","GPA.2165","GPA.2175","GPA.2185","cgpa","Current.Program","Total","Total.English","Math.Placement.Exam.Score","Physics.Placement.Score","SAT.Reading","SAT.Writing","SAT.Math","SAT.Total","Transcripts","Description/Qualification.(G12,.IGCSE,.AS,.A.Level,.Uni,.etc)","Curriculum","English","EnglishGrade","math","MathGrade","Physics","PhysicsGrade","Grit_1","Grit_2","Grit_3","Grit_4","Grit_5","Grit_6","Grit_7","Grit_8","Grit_9","Grit_10","Grit_11","Grit_12","SelfControl_1","SelfControl_2","SelfControl_3","SelfControl_4","SelfControl_5","SelfControl_6","SelfControl_7","SelfControl_8","SelfControl_9","SelfControl_10"
1,2151,0,2.1,2.25,2.42,2.42,2.42,"Bachelor of Science in Mechanical Engineering",6.5,"6.5",16,21,410,400,500,1310,"G10-11, G12CBSE","CBSE, MIGRATION","Indian","95",0,"40",0,"72",0,"Mostly like me","Mostly like me","Somewhat like me","Mostly like me","Somewhat like me","Mostly like me","Not much like me","Not much like me","Mostly like me","Not much like me","Somewhat like me","Mostly like me","Mostly like me","Somewhat like me","Somewhat like me","Mostly like me","Somewhat like me","Somewhat like me","Mostly like me","Somewhat like me","Not much like me","Not much like me"
2,2171,0,0,0,3.87,3.81,3.81,"Bachelor of Science in Mechanical Engineering",7,"7",20,17,640,640,700,1980,"Y","Y","MOE","90",0,"89",0,"86",0,NA,NA,NA,NA,NA,NA,NA,NA,NA,NA,NA,NA,NA,NA,NA,NA,NA,NA,NA,NA,NA,NA
3,2161,0,0,2.82,2.75,2.7,2.7,"Bachelor of Science in Mechanical Engineering",7,"7",14,9,430,440,460,1330,"G10, G11, G12","G10, G11, G12","American","85",0,"67",0,"87",0,NA,NA,NA,NA,NA,NA,NA,NA,NA,NA,NA,NA,NA,NA,NA,NA,NA,NA,NA,NA,NA,NA
4,2145,2.78,2.58,2.68,2.73,2.76,2.76,"Bachelor of Science in Mechanical Engineering",6,"6 Exmpt-WS",12,12,NA,NA,NA,NA,"Y","G12, Diploma","Others","76",3,NA,0,NA,0,NA,NA,NA,NA,NA,NA,NA,NA,NA,NA,NA,NA,NA,NA,NA,NA,NA,NA,NA,NA,NA,NA
5,2145,2.6,2.49,2.62,2.6,2.57,2.57,"Bachelor of Science in Mechanical Engineering",6.5,"80",25,18,NA,NA,NA,NA,"Y","G12, Diploma","Others","20/20",4,"20/20",4,"19/20",4,NA,NA,NA,NA,NA,NA,NA,NA,NA,NA,NA,NA,NA,NA,NA,NA,NA,NA,NA,NA,NA,NA
6,2161,0,0,3.7,3.66,3.73,3.73,"Bachelor of Science in Industrial Engineering",7,"7",23,20,420,450,620,1490,"G9, G10, G11","G9, G10, G11","American","90",0,"96",0,"97",0,NA,NA,NA,NA,NA,NA,NA,NA,NA,NA,NA,NA,NA,NA,NA,NA,NA,NA,NA,NA,NA,NA
7,2161,0,0,2.99,2.99,2.99,2.99,"Bachelor of Science in Industrial Engineering",8,"106",18,14,NA,NA,NA,NA,"Y","Y","American","89",0,"88",0,"93",0,NA,NA,NA,NA,NA,NA,NA,NA,NA,NA,NA,NA,NA,NA,NA,NA,NA,NA,NA,NA,NA,NA
8,2151,0,1.98,0,2.77,2.64,2.64,"Bachelor of Science in Mechanical Engineering",6.5,"527/ 6.5",3,10,NA,NA,NA,NA,"G10-12","G12, Equivalence","Others","19/20",4,"14.5/20",3,"16/20",4,"Very much like me","Somewhat like me","Mostly like me","Mostly like me","Somewhat like me","Mostly like me","Somewhat like me","Somewhat like me","Not much like me","Not much like me","Mostly like me","Somewhat like me","Somewhat like me","Not much like me","Mostly like me","Mostly like me","Somewhat like me","Somewhat like me","Somewhat like me","Somewhat like me","Somewhat like me","Mostly like me"
9,2141,2.65,2.61,2.37,0,0,2.37,"Bachelor of Science in Mechanical Engineering",6.5,"6.5",15,14,NA,NA,NA,NA,"Y","G12, Diploma","American","96.5",0,"94.5",0,"90.5",0,NA,NA,NA,NA,NA,NA,NA,NA,NA,NA,NA,NA,NA,NA,NA,NA,NA,NA,NA,NA,NA,NA
10,2141,3.2,3.45,3.47,3.45,3.36,3.36,"Bachelor of Science in Mechanical Engineering",6.5,"6.5",21,14,NA,NA,NA,NA,"IGCSE/AS,A LEVEL","IGCSE, AS Level","British","B",0,"B",0,"B",0,NA,NA,NA,NA,NA,NA,NA,NA,NA,NA,NA,NA,NA,NA,NA,NA,NA,NA,NA,NA,NA,NA
11,2175,0,0,0,3.14,3.1,3.1,"Bachelor of Science in Electrical Engineering",5.5,"1275/ 5.5",8,9,NA,NA,NA,NA,"G10, G11, G12","G10, G11, G12","MOE","86",0,"77.400000000000006",0,"83.6",0,NA,NA,NA,NA,NA,NA,NA,NA,NA,NA,NA,NA,NA,NA,NA,NA,NA,NA,NA,NA,NA,NA
12,2165,0,0,2.5,2.55,2.3,2.3,"Bachelor of Science in Mechanical Engineering",7,"7",10,12,NA,NA,NA,NA,"Y","Y","British","C",0,"C",0,"C",0,NA,NA,NA,NA,NA,NA,NA,NA,NA,NA,NA,NA,NA,NA,NA,NA,NA,NA,NA,NA,NA,NA
13,2151,0,3.91,3.91,3.91,3.93,3.93,"Bachelor of Science in Mechanical Engineering",8.5,"653",24,22,NA,NA,NA,NA,"IGCSE, AS, A Level (predicted)","A, AS, O Level, Equivalence","British","A",0,"A",0,"A",0,NA,NA,NA,NA,NA,NA,NA,NA,NA,NA,NA,NA,NA,NA,NA,NA,NA,NA,NA,NA,NA,NA
14,2151,0,3.52,3.52,3.36,3.39,3.39,"Bachelor of Science in Mechanical Engineering",8,"8",22,20,690,650,630,1970,"IGCSE, AS","A, AS, O Level","British","A",0,"A",0,"A",0,NA,NA,NA,NA,NA,NA,NA,NA,NA,NA,NA,NA,NA,NA,NA,NA,NA,NA,NA,NA,NA,NA
15,2141,2,2.08,2.05,2.17,2.17,2.17,"Bachelor of Science in Industrial Engineering",6.5,"6.5",16,13,NA,NA,NA,NA,"IGCSE","IGCSE","British","B",0,"A",0,"A",0,NA,NA,NA,NA,NA,NA,NA,NA,NA,NA,NA,NA,NA,NA,NA,NA,NA,NA,NA,NA,NA,NA
16,2171,0,0,0,3.72,3.45,3.45,"Bachelor of Science in Computing Security",8.5,"8.5",15,17,NA,NA,NA,NA,"Y","Y","Others","98",4,"94",4,"86",3,"Somewhat like me","Somewhat like me","Very much like me","Not much like me","Very much like me","Somewhat like me","Mostly like me","Mostly like me","Somewhat like me","Somewhat like me","Mostly like me","Mostly like me","Mostly like me","Not much like me","Not much like me","Mostly like me","Somewhat like me","Mostly like me","Mostly like me","Not much like me","Not much like me","Not much like me"
17,2165,0,0,1.67,2.3,2.27,2.27,"Bachelor of Science in Mechanical Engineering",6.5,"6.5",9,9,200,200,520,920,"Uni trasncript","Y","American","80",0,"60",0,"82",0,NA,NA,NA,NA,NA,NA,NA,NA,NA,NA,NA,NA,NA,NA,NA,NA,NA,NA,NA,NA,NA,NA
18,2161,0,0,2.48,2.45,2.53,2.53,"Bachelor of Science in Mechanical Engineering",6.5,"6.5",14,9,NA,NA,NA,NA,"G9, G10, G11,G12","G9, G10, G11,G12","American","82",0,"73",0,"78",0,NA,NA,NA,NA,NA,NA,NA,NA,NA,NA,NA,NA,NA,NA,NA,NA,NA,NA,NA,NA,NA,NA
19,2141,3.13,2.99,2.53,2.07,0,2.07,"Bachelor of Science in Business Administration- Finance",5.5,"457, 5.5 Exmpt-WS",11,3,NA,NA,NA,NA,"Y","G12","American","82",0,"84",0,"78",0,NA,NA,NA,NA,NA,NA,NA,NA,NA,NA,NA,NA,NA,NA,NA,NA,NA,NA,NA,NA,NA,NA
20,2175,0,0,0,2.46,2.33,2.33,"Bachelor of Science in Mechanical Engineering",6.5,"550",19,16,200,200,550,950,"G10, G11, G12 and AUS transcript","G10, G11, G12 and AUS transcript","American","83",0,"83",0,"85",0,NA,NA,NA,NA,NA,NA,NA,NA,NA,NA,NA,NA,NA,NA,NA,NA,NA,NA,NA,NA,NA,NA
21,2171,0,0,0,1.56,1.81,1.81,"Bachelor of Science in Business Administration- Finance",7,"7",12,12,NA,NA,NA,NA,"Y","Y","Indian","B",0,"A",0,"B",0,NA,NA,NA,NA,NA,NA,NA,NA,NA,NA,NA,NA,NA,NA,NA,NA,NA,NA,NA,NA,NA,NA
22,2161,0,0,2.27,2.89,2.5,2.5,"Bachelor of Science in Business Administration- Management",6,"6, 560",9,8,NA,NA,NA,NA,"Y","Y","American","93",0,"87",0,"91",0,NA,NA,NA,NA,NA,NA,NA,NA,NA,NA,NA,NA,NA,NA,NA,NA,NA,NA,NA,NA,NA,NA
23,2171,0,0,0,3.36,3.24,3.24,"Bachelor of Science in Industrial Engineering",6.5,"6.5",10,10,510,510,480,1500,"G10, G11, G12","Y","MOE","94",0,"88",0,"83",0,"Somewhat like me","Mostly like me","Mostly like me","Not much like me","Somewhat like me","Mostly like me","Mostly like me","Mostly like me","Somewhat like me","Not like me at all","Mostly like me","Mostly like me","Not much like me","Not much like me","Not much like me","Very much like me","Somewhat like me","Somewhat like me","Somewhat like me","Not much like me","Not much like me","Not much like me"
24,2161,0,0,2.33,2.57,2.56,2.56,"Bachelor of Science in Industrial Engineering",5.5,"5.5",22,17,NA,NA,NA,NA,"G10, G11, G12","G10, G11, G12","British","75",0,"86",0,"89",0,NA,NA,NA,NA,NA,NA,NA,NA,NA,NA,NA,NA,NA,NA,NA,NA,NA,NA,NA,NA,NA,NA
25,2151,0,2.99,0,2.77,2.77,2.77,"Bachelor of Science in Industrial Engineering",5.5,"5.5, Exmpt-WS (pending grade change)",15,14,NA,NA,NA,NA,"G10-11, 12-SEM2","G12","MOE","91",0,"87",0,"80",0,NA,NA,NA,NA,NA,NA,NA,NA,NA,NA,NA,NA,NA,NA,NA,NA,NA,NA,NA,NA,NA,NA
26,2141,2.49,2.4,2.31,2.28,2.18,2.18,"Bachelor of Science in Mechanical Engineering",6,"6, 477, 523, Exmpt-WS",16,16,NA,NA,NA,NA,"Y","G12, Diploma","American","70",0,"94.5",0,"80",0,"Somewhat like me","Not much like me","Mostly like me","Very much like me","Somewhat like me","Mostly like me","Mostly like me","Mostly like me","Very much like me","Mostly like me","Somewhat like me","Mostly like me","Very much like me","Mostly like me","Somewhat like me","Very much like me","Mostly like me","Somewhat like me","Somewhat like me","Mostly like me","Not like me at all","Not like me at all"
27,2161,0,0,2.68,2.27,2.26,2.26,"Bachelor of Science in Mechanical Engineering",6.5,"6.5",18,19,NA,NA,NA,NA,"G10-11, G12-Term1","G10-11, G12-Term1","American","92",0,"87",0,"80",0,"Mostly like me","Somewhat like me","Not much like me","Mostly like me","Not much like me","Somewhat like me","Not much like me","Not much like me","Somewhat like me","Mostly like me","Somewhat like me","Very much like me","Mostly like me","Mostly like me","Not much like me","Mostly like me","Somewhat like me","Somewhat like me","Mostly like me","Mostly like me","Somewhat like me","Not much like me"
28,2161,0,0,3.1,2.77,2.6,2.6,"Bachelor of Science in Mechanical Engineering",7,"573",13,10,NA,NA,NA,NA,"G10, G11, G12","G10, G11, G12","American","67",0,"77",0,"81",0,NA,NA,NA,NA,NA,NA,NA,NA,NA,NA,NA,NA,NA,NA,NA,NA,NA,NA,NA,NA,NA,NA
29,2151,0,2.22,2.09,2.12,2.13,2.13,"Bachelor of Science in Mechanical Engineering",5,"73, 483",15,10,NA,NA,NA,NA,"G10-12","G12, Diploma","American","61",0,"64",0,"70",0,NA,NA,NA,NA,NA,NA,NA,NA,NA,NA,NA,NA,NA,NA,NA,NA,NA,NA,NA,NA,NA,NA
30,2165,0,0,2.33,2.6,2.56,2.56,"Bachelor of Science in Industrial Engineering",6.5,"567",14,7,NA,NA,NA,NA,"G10, G11, G12","Y","American","75",0,"72",0,"83",0,NA,NA,NA,NA,NA,NA,NA,NA,NA,NA,NA,NA,NA,NA,NA,NA,NA,NA,NA,NA,NA,NA
31,2161,0,0,3.62,3.55,3.51,3.51,"Bachelor of Science in Mechanical Engineering",5.5,"5.5",16,8,NA,NA,NA,NA,"G10, G11, G12","G10, G11, G12","American","70",0,"93",0,"84",0,NA,NA,NA,NA,NA,NA,NA,NA,NA,NA,NA,NA,NA,NA,NA,NA,NA,NA,NA,NA,NA,NA
32,2171,0,0,0,2.4,2.11,2.11,"Bachelor of Science in Industrial Engineering",6.5,"6.5",14,9,420,300,430,1150,"G10, G11, G12","Y","American","76",0,"71",0,"77",0,NA,NA,NA,NA,NA,NA,NA,NA,NA,NA,NA,NA,NA,NA,NA,NA,NA,NA,NA,NA,NA,NA
33,2161,0,0,3.6,3.35,3.29,3.29,"Bachelor of Science in Electrical Engineering",7,"7",20,12,470,510,560,1540,"G9,G10,G11 G12","G9,G10,G11 G12","American","92",0,"100",0,"100",0,NA,NA,NA,NA,NA,NA,NA,NA,NA,NA,NA,NA,NA,NA,NA,NA,NA,NA,NA,NA,NA,NA
34,2151,0,3.72,3.68,3.66,3.66,3.66,"Bachelor of Science in Mechanical Engineering",6,"78 WS 2151 Exmpt-WS",23,17,NA,NA,NA,NA,"Predicted A Level","AS, IGCSE, Equivalency","British","B",0,"D",0,"D",0,"Mostly like me","Not much like me","Not much like me","Not much like me","Not much like me","Mostly like me","Not much like me","Not much like me","Very much like me","Mostly like me","Somewhat like me","Mostly like me","Not much like me","Not much like me","Not much like me","Mostly like me","Mostly like me","Mostly like me","Not much like me","Not much like me","Not much like me","Not much like me"
35,2151,0,4,4,3.98,3.98,3.98,"Bachelor of Science in Microelectronic Engineering",7,"92",30,25,NA,NA,NA,NA,"IGCSE, AS, A Level (predicted)","A, AS, O Level","British","A",0,"A+",0,"A+",0,NA,NA,NA,NA,NA,NA,NA,NA,NA,NA,NA,NA,NA,NA,NA,NA,NA,NA,NA,NA,NA,NA
36,2171,0,0,0,2.97,3.06,3.06,"Bachelor of Science in Mechanical Engineering",7,"7",16,19,NA,NA,NA,NA,"G9, G10, G11","Y","American","A",0,"C",0,"D",0,NA,NA,NA,NA,NA,NA,NA,NA,NA,NA,NA,NA,NA,NA,NA,NA,NA,NA,NA,NA,NA,NA
37,2175,0,0,0,3.15,3.14,3.14,"Bachelor of Science in Mechanical Engineering",7.5,"7.5",19,12,NA,NA,NA,NA,"Y","Y","IB","5",0,"3",0,"4",0,NA,NA,NA,NA,NA,NA,NA,NA,NA,NA,NA,NA,NA,NA,NA,NA,NA,NA,NA,NA,NA,NA
38,2165,0,0,2.21,2.1,1.86,1.86,"Bachelor of Science in Mechanical Engineering",6.5,"6.5",24,15,NA,NA,NA,NA,"Cambridge","Y","British","B",0,"B",0,"A",0,NA,NA,NA,NA,NA,NA,NA,NA,NA,NA,NA,NA,NA,NA,NA,NA,NA,NA,NA,NA,NA,NA
40,2171,0,0,0,3.27,3.27,3.27,"Bachelor of Science in Mechanical Engineering",6,"1450= 6.0",21,16,NA,NA,NA,NA,"G10, G11, G12","Y","MOE","95.8",0,"99.3",0,"97.9",0,NA,NA,NA,NA,NA,NA,NA,NA,NA,NA,NA,NA,NA,NA,NA,NA,NA,NA,NA,NA,NA,NA
41,2171,0,0,0,2.11,2.1,2.1,"Bachelor of Science in Mechanical Engineering",5,"5",8,2,NA,NA,NA,NA,"G10, G11, G12","Y","MOE","92",0,"93",0,"91",0,NA,NA,NA,NA,NA,NA,NA,NA,NA,NA,NA,NA,NA,NA,NA,NA,NA,NA,NA,NA,NA,NA
42,2161,0,0,2.76,2.58,2.62,2.62,"Bachelor of Science in Mechanical Engineering",6.5,"6.5",9,7,NA,NA,NA,NA,"G10, G11, G12","G10, G11, G12","MOE","96",0,"98",0,"98",0,"Very much like me","Not like me at all","Not much like me","Mostly like me","Not much like me","Mostly like me","Not much like me","Very much like me","Mostly like me","Very much like me","Mostly like me","Very much like me","Not much like me","Somewhat like me","Not much like me","Very much like me","Not much like me","Mostly like me","Somewhat like me","Not much like me","Somewhat like me","Not like me at all"
43,2161,0,0,3.68,3.45,3.45,3.45,"Bachelor of Science in Mechanical Engineering",7.5,"7.5",11,8,NA,NA,NA,NA,NA,"Y","MOE","A",0,"A",0,"A",0,"Somewhat like me","Mostly like me","Mostly like me","Somewhat like me","Somewhat like me","Mostly like me","Somewhat like me","Somewhat like me","Very much like me","Mostly like me","Very much like me","Mostly like me","Somewhat like me","Somewhat like me","Somewhat like me","Mostly like me","Somewhat like me","Somewhat like me","Somewhat like me","Somewhat like me","Somewhat like me","Somewhat like me"
44,2165,0,0,2.11,2.1,0,2.1,"Bachelor of Science in Industrial Engineering",7,"497/573",11,6,NA,NA,NA,NA,"G10, G11, G12","Y","British","88.6",0,"73.5",0,"76.3",0,NA,NA,NA,NA,NA,NA,NA,NA,NA,NA,NA,NA,NA,NA,NA,NA,NA,NA,NA,NA,NA,NA
45,2141,3.76,3.73,3.59,3.5,3.52,3.52,"Bachelor of Science in Mechanical Engineering",7.5,"97",25,20,NA,NA,NA,NA,"G10-11; 12 in Arabic","G12","MOE","96.7",0,"97",0,"98.4",0,"Very much like me","Not much like me","Mostly like me","Mostly like me","Somewhat like me","Very much like me","Mostly like me","Not much like me","Very much like me","Very much like me","Very much like me","Very much like me","Not much like me","Not much like me","Not much like me","Not much like me","Mostly like me","Mostly like me","Very much like me","Not like me at all","Not much like me","Not like me at all"
46,2171,0,0,0,1.67,0.5,0.5,"Bachelor of Science in Computing Security",5,"403 /5",6,6,NA,NA,NA,NA,"G10,. G11, G12","G10,. G11, G12","MOE","78.5",0,"70.099999999999994",0,"B",0,NA,NA,NA,NA,NA,NA,NA,NA,NA,NA,NA,NA,NA,NA,NA,NA,NA,NA,NA,NA,NA,NA
47,2151,0,3.87,3.94,3.92,3.92,3.92,"Bachelor of Science in Electrical Engineering",5.5,"5.5, 493",20,10,NA,NA,NA,NA,"G10-12","G12","American","93",0,"99.7",0,"80.7",0,NA,NA,NA,NA,NA,NA,NA,NA,NA,NA,NA,NA,NA,NA,NA,NA,NA,NA,NA,NA,NA,NA
48,2141,2.9,2.48,2.46,2.44,0,2.44,"Bachelor of Science in Electrical Engineering",5,"510, Exmpt-WS",11,10,NA,NA,NA,NA,"Y","G12","MOE","94.2",0,"81.2",0,"74.099999999999994",0,"Mostly like me","Mostly like me","Somewhat like me","Mostly like me","Somewhat like me","Mostly like me","Not much like me","Not much like me","Mostly like me","Not much like me","Somewhat like me","Mostly like me","Mostly like me","Somewhat like me","Somewhat like me","Mostly like me","Somewhat like me","Somewhat like me","Mostly like me","Somewhat like me","Not much like me","Not much like me"
49,2161,0,0,3.6,3.35,3.21,3.21,"Bachelor of Science in Microelectronic Engineering",5.5,"5.5",13,7,NA,NA,NA,NA,"Y","Y","MOE","71",0,"92",0,"85",0,"Very much like me","Very much like me","Very much like me","Very much like me","Very much like me","Very much like me","Not much like me","Not much like me","Somewhat like me","Very much like me","Somewhat like me","Somewhat like me","Very much like me","Somewhat like me","Not like me at all","Somewhat like me","Not much like me","Very much like me","Very much like me","Somewhat like me","Very much like me","Somewhat like me"
50,2151,0,3.25,3.25,3.36,0,3.36,"Bachelor of Science in Mechanical Engineering",7.5,"7.5",28,20,600,600,630,1830,"G9-11, G12-Sem1","G12(IB), HS Diploma","American","B+",0,"C",0,"B-",0,NA,NA,NA,NA,NA,NA,NA,NA,NA,NA,NA,NA,NA,NA,NA,NA,NA,NA,NA,NA,NA,NA
51,2161,0,0,3.32,3.47,3.47,3.47,"Bachelor of Science in Mechanical Engineering",8,"630",20,18,NA,NA,NA,NA,"Y","Y","American","90",0,"93",0,"76",0,"Very much like me","Somewhat like me","Mostly like me","Mostly like me","Somewhat like me","Very much like me","Mostly like me","Very much like me","Very much like me","Not much like me","Somewhat like me","Very much like me","Not much like me","Not much like me","Somewhat like me","Not much like me","Somewhat like me","Mostly like me","Very much like me","Very much like me","Mostly like me","Not much like me"
52,2161,0,0,2.22,0,1.81,1.81,"Bachelor of Science in Mechanical Engineering",6,"6",7,11,NA,NA,NA,NA,"G10,G11.G12","G10,G11,G12","American","86",0,"82",0,"83",0,NA,NA,NA,NA,NA,NA,NA,NA,NA,NA,NA,NA,NA,NA,NA,NA,NA,NA,NA,NA,NA,NA
53,2161,0,0,2.82,2.57,2.48,2.48,"Bachelor of Science in Mechanical Engineering",7,"7",10,12,NA,NA,NA,NA,"Y","Y","American","88",0,"72",0,"76",0,NA,NA,NA,NA,NA,NA,NA,NA,NA,NA,NA,NA,NA,NA,NA,NA,NA,NA,NA,NA,NA,NA
54,2175,0,0,0,4,0,4,"Bachelor of Science in Computing Security",5,"5",12,10,NA,NA,NA,NA,"G10, G11, G12","G10, G11, G12","American","77",0,"88",0,"93",0,NA,NA,NA,NA,NA,NA,NA,NA,NA,NA,NA,NA,NA,NA,NA,NA,NA,NA,NA,NA,NA,NA
55,2171,0,0,0,2.6,2,2,"Bachelor of Science in Electrical Engineering",6.5,"6; 6.5",10,9,NA,NA,NA,NA,"G10, G11, G12","Y","American","85",0,"75",0,"76",0,NA,NA,NA,NA,NA,NA,NA,NA,NA,NA,NA,NA,NA,NA,NA,NA,NA,NA,NA,NA,NA,NA
56,2171,0,0,0,2.56,2.47,2.47,"Bachelor of Science in Electrical Engineering",6,"6",13,12,NA,NA,NA,NA,"Y","Y","American","87",0,"72",0,"69",0,NA,NA,NA,NA,NA,NA,NA,NA,NA,NA,NA,NA,NA,NA,NA,NA,NA,NA,NA,NA,NA,NA
57,2171,0,0,0,3.17,3.11,3.11,"Bachelor of Science in Computing Security",6.5,"567",21,16,NA,NA,NA,NA,"Y","Y","British","A",0,"C",0,"D",0,NA,NA,NA,NA,NA,NA,NA,NA,NA,NA,NA,NA,NA,NA,NA,NA,NA,NA,NA,NA,NA,NA
58,2161,0,0,3.88,3.85,3.85,3.85,"Bachelor of Science in Industrial Engineering",7.5,"7.5",22,17,NA,NA,NA,NA,"AS level","AS level","British","A",0,"A",0,"A",0,"Very much like me","Somewhat like me","Very much like me","Very much like me","Somewhat like me","Mostly like me","Somewhat like me","Not like me at all","Mostly like me","Very much like me","Very much like me","Very much like me","Very much like me","Somewhat like me","Mostly like me","Not much like me","Not much like me","Somewhat like me","Somewhat like me","Somewhat like me","Somewhat like me","Not much like me"
59,2151,0,2.86,2.62,2.65,2.69,2.69,"Bachelor of Science in Mechanical Engineering",7.5,"96",24,15,NA,NA,NA,NA,"IGCSE, AS, A Level(predicted)","A, AS, O Level","British","C",0,"C",0,"E",0,NA,NA,NA,NA,NA,NA,NA,NA,NA,NA,NA,NA,NA,NA,NA,NA,NA,NA,NA,NA,NA,NA
60,2141,2.6,2.41,2.28,2.21,2.13,2.13,"Bachelor of Science in Mechanical Engineering",5.5,"513, 523 Exmpt-WS",16,10,NA,NA,NA,NA,"IGCSE","IGCSE","British","B",0,"C",0,"C",0,NA,NA,NA,NA,NA,NA,NA,NA,NA,NA,NA,NA,NA,NA,NA,NA,NA,NA,NA,NA,NA,NA
61,2141,3.06,3.1,3.07,3.03,2.97,2.97,"Bachelor of Science in Mechanical Engineering",6.5,"6.5",21,15,NA,NA,NA,NA,"IGCSE/AS LEVEL","A, AS Level","British","C",0,"A",0,"B",0,"Somewhat like me","Somewhat like me","Somewhat like me","Somewhat like me","Somewhat like me","Somewhat like me","Somewhat like me","Not much like me","Somewhat like me","Somewhat like me","Somewhat like me","Somewhat like me","Somewhat like me","Somewhat like me","Somewhat like me","Somewhat like me","Somewhat like me","Somewhat like me","Somewhat like me","Somewhat like me","Somewhat like me","Somewhat like me"
62,2171,0,0,0,3.58,3.63,3.63,"Bachelor of Science in Computing Security",7.5,"607",21,17,NA,NA,NA,NA,"Y","Y","African","81",4,"A+",4,"B",3,NA,NA,NA,NA,NA,NA,NA,NA,NA,NA,NA,NA,NA,NA,NA,NA,NA,NA,NA,NA,NA,NA
63,2161,0,0,2.04,2.13,2.16,2.16,"Bachelor of Science in Computing Security",5.5,"20",15,7,380,360,500,1240,"Y","Y","Indian","61",0,"0",0,"0",0,NA,NA,NA,NA,NA,NA,NA,NA,NA,NA,NA,NA,NA,NA,NA,NA,NA,NA,NA,NA,NA,NA
64,2151,0,3.83,3.69,3.44,3.44,3.44,"Bachelor of Science in Mechanical Engineering",7.5,"7.5",18,12,NA,NA,NA,NA,NA,NA,"British","A+",0,"C",0,"C",0,NA,NA,NA,NA,NA,NA,NA,NA,NA,NA,NA,NA,NA,NA,NA,NA,NA,NA,NA,NA,NA,NA
65,2171,0,0,0,2.43,2.4,2.4,"Bachelor of Science in Electrical Engineering",7.5,"7.5",16,14,NA,NA,NA,NA,"Y","Y","Indian","77",0,"38",0,"62",0,NA,NA,NA,NA,NA,NA,NA,NA,NA,NA,NA,NA,NA,NA,NA,NA,NA,NA,NA,NA,NA,NA
66,2151,0,3.49,3.65,3.66,3.68,3.68,"Bachelor of Science in Mechanical Engineering",7,"7",10,12,NA,NA,NA,NA,NA,"CBSE, HS Diploma","Indian","88",0,"52.5",0,"80",0,NA,NA,NA,NA,NA,NA,NA,NA,NA,NA,NA,NA,NA,NA,NA,NA,NA,NA,NA,NA,NA,NA
67,2171,0,0,0,2.4,2.67,2.67,"Bachelor of Science in Computing Security",7,"547; 570",22,17,NA,NA,NA,NA,"Y","Y","British","A",0,"A",0,"A",0,NA,NA,NA,NA,NA,NA,NA,NA,NA,NA,NA,NA,NA,NA,NA,NA,NA,NA,NA,NA,NA,NA
68,2171,0,0,0,3.79,3.67,3.67,"Bachelor of Science in Mechanical Engineering",9,"677",28,22,NA,NA,NA,NA,"Y","Y","British","B",0,"A",0,"A",0,"Very much like me","Somewhat like me","Not much like me","Somewhat like me","Not like me at all","Very much like me","Not like me at all","Mostly like me","Mostly like me","Very much like me","Somewhat like me","Mostly like me","Not like me at all","Not much like me","Not like me at all","Very much like me","Mostly like me","Mostly like me","Not like me at all","Not like me at all","Not much like me","Not much like me"
69,2161,0,0,3.91,3.86,3.87,3.87,"Bachelor of Science in Mechanical Engineering",7.5,"607",21,20,NA,NA,NA,NA,"A(pred), AS, O Level","A(pred), AS, O Level","British","A",0,"A",0,"A",0,NA,NA,NA,NA,NA,NA,NA,NA,NA,NA,NA,NA,NA,NA,NA,NA,NA,NA,NA,NA,NA,NA
70,2161,0,0,1.9,1.79,0,1.79,"Bachelor of Science in Mechanical Engineering",6.5,"6.5",20,15,NA,NA,NA,NA,"Y","Y","British","C",0,"A",0,"A",0,"Very much like me","Very much like me","Very much like me","Very much like me","Very much like me","Very much like me","Very much like me","Not much like me","Very much like me","Very much like me","Very much like me","Very much like me","Very much like me","Very much like me","Very much like me","Very much like me","Very much like me","Very much like me","Very much like me","Very much like me","Very much like me","Very much like me"
71,2171,0,0,0,2.62,2.13,2.13,"Bachelor of Science in Computing Security",7,"577",17,13,NA,NA,NA,NA,"Y","Y","British","60",0,"81",0,"65",0,NA,NA,NA,NA,NA,NA,NA,NA,NA,NA,NA,NA,NA,NA,NA,NA,NA,NA,NA,NA,NA,NA
72,2161,0,0,1.94,1.98,0,1.98,"Bachelor of Science in Microelectronic Engineering",7,"95",10,7,NA,NA,NA,NA,"Y","Y","African","90",4,"80",4,"65",3.3,NA,NA,NA,NA,NA,NA,NA,NA,NA,NA,NA,NA,NA,NA,NA,NA,NA,NA,NA,NA,NA,NA
73,2145,2,2.23,2.17,2.12,2.24,2.24,"Bachelor of Science in Mechanical Engineering",5.5,"5.5, 520, 527, 533, Exmpt-WS",18,13,NA,NA,NA,NA,"G11-12","Diploma","African","40",2,"40",2,"40",2,"Mostly like me","Somewhat like me","Very much like me","Not much like me","Mostly like me","Mostly like me","Mostly like me","Mostly like me","Somewhat like me","Very much like me","Not much like me","Mostly like me","Very much like me","Mostly like me","Very much like me","Not much like me","Not much like me","Somewhat like me","Mostly like me","Very much like me","Mostly like me","Mostly like me"
74,2141,2.44,1.91,1.94,1.96,2.03,2.03,"Bachelor of Science in Computing Security",5,"410, 447, 470, 480, 507 Exmpt-WS",12,9,NA,NA,NA,NA,"Y","Form 6, Diploma","African","67.8",3.3,"61",3.3,"64",3.3,"Somewhat like me","Very much like me","Somewhat like me","Not much like me","Very much like me","Not like me at all","Somewhat like me","Not much like me","Not much like me","Not much like me","Somewhat like me","Mostly like me","Very much like me","Somewhat like me","Very much like me","Somewhat like me","Not much like me","Not much like me","Mostly like me","Very much like me","Not much like me","Not like me at all"
75,2175,0,0,0,3.69,0,3.69,"Bachelor of Science in Mechanical Engineering",8,"627",18,14,NA,NA,NA,NA,"G12","G12","African","59",3,"64",3.3,NA,0,"Very much like me","Somewhat like me","Not much like me","Mostly like me","Somewhat like me","Very much like me","Not much like me","Not much like me","Mostly like me","Somewhat like me","Mostly like me","Very much like me","Mostly like me","Very much like me","Mostly like me","Not much like me","Not much like me","Not much like me","Not much like me","Not much like me","Not like me at all","Not much like me"
76,2165,0,0,3,2.45,2.51,2.51,"Bachelor of Science in Computing Security",6.5,"6.5",6,8,NA,NA,NA,NA,"Y","Y","Others","96",4,"86",3,"86",3,"Very much like me","Very much like me","Not much like me","Mostly like me","Not like me at all","Mostly like me","Not like me at all","Not much like me","Somewhat like me","Mostly like me","Very much like me","Mostly like me","Mostly like me","Not much like me","Not like me at all","Somewhat like me","Somewhat like me","Very much like me","Not much like me","Not like me at all","Somewhat like me","Not like me at all"
77,2171,0,0,0,2.32,2.25,2.25,"Bachelor of Science in Computing Security",6.5,"82",27,27,NA,NA,NA,NA,"G9, G10, G11, G12","Y","Indian","A2",0,"B1",0,"A2",0,NA,NA,NA,NA,NA,NA,NA,NA,NA,NA,NA,NA,NA,NA,NA,NA,NA,NA,NA,NA,NA,NA
78,2151,0,3.84,3.91,3.87,3.87,3.87,"Bachelor of Science in Mechanical Engineering",8,"8",23,18,600,670,670,1940,"G9-11, G12(predicted)","CBSE","Indian","A",0,"A",0,"A",0,NA,NA,NA,NA,NA,NA,NA,NA,NA,NA,NA,NA,NA,NA,NA,NA,NA,NA,NA,NA,NA,NA
79,2151,0,3.48,3.59,3.58,3.63,3.63,"Bachelor of Science in Computing Security",7.5,"7.5",21,9,NA,NA,NA,NA,"G10-12","CBSE, Diploma","Indian","87",0,"95",0,"0",0,"Very much like me","Somewhat like me","Somewhat like me","Somewhat like me","Not much like me","Mostly like me","Mostly like me","Very much like me","Mostly like me","Not much like me","Somewhat like me","Very much like me","Very much like me","Mostly like me","Not much like me","Not much like me","Not much like me","Somewhat like me","Not much like me","Not much like me","Not much like me","Not much like me"
80,2171,0,0,0,1.56,0.95,0.95,"NODEG-NON(INTB)",6.5,"6/ 6.5",12,9,NA,NA,NA,NA,"Y","Y","Others","95",4,"76",3,"95",4,NA,NA,NA,NA,NA,NA,NA,NA,NA,NA,NA,NA,NA,NA,NA,NA,NA,NA,NA,NA,NA,NA
81,2171,0,0,0,2.49,2.41,2.41,"Bachelor of Science in Mechanical Engineering",6,"6",9,2,NA,NA,NA,NA,"Y","Y","MOE","87",0,"93",0,"95",0,"Mostly like me","Mostly like me","Mostly like me","Mostly like me","Somewhat like me","Mostly like me","Mostly like me","Mostly like me","Mostly like me","Mostly like me","Mostly like me","Very much like me","Very much like me","Very much like me","Mostly like me","Mostly like me","Very much like me","Mostly like me","Mostly like me","Not much like me","Very much like me","Very much like me"
82,2141,3.96,3.96,3.96,3.97,3.97,3.97,"Bachelor of Science in Mechanical Engineering",9,"670",19,17,650,510,700,1860,"Y","G12(IB), Diploma","American","B",0,"B+",0,"A-",0,"Very much like me","Not much like me","Somewhat like me","Mostly like me","Not much like me","Very much like me","Not much like me","Not much like me","Very much like me","Very much like me","Not much like me","Mostly like me","Somewhat like me","Not much like me","Somewhat like me","Very much like me","Mostly like me","Very much like me","Somewhat like me","Somewhat like me","Somewhat like me","Not much like me"
83,2161,0,0,3.1,3.06,3.08,3.08,"Bachelor of Science in Microelectronic Engineering",7.5,"7.5",7,8,NA,NA,NA,NA,"G12","G12","American","97",0,"99",0,"94",0,"Very much like me","Mostly like me","Mostly like me","Very much like me","Mostly like me","Very much like me","Very much like me","Not like me at all","Very much like me","Very much like me","Very much like me","Very much like me","Somewhat like me","Mostly like me","Mostly like me","Mostly like me","Mostly like me","Very much like me","Somewhat like me","Somewhat like me","Not much like me","Not like me at all"
84,2141,2.37,2.77,2.95,2.99,3.04,3.04,"Bachelor of Science in Mechanical Engineering",8,"620",16,16,NA,NA,NA,NA,"IGCSE","IGCSE","British","B",0,"B",0,"A",0,NA,NA,NA,NA,NA,NA,NA,NA,NA,NA,NA,NA,NA,NA,NA,NA,NA,NA,NA,NA,NA,NA
85,2171,0,0,0,2.41,2.38,2.38,"Bachelor of Science in Mechanical Engineering",8.5,"640",20,19,NA,NA,NA,NA,"Y","Y","IB","5",0,"3",0,"3",0,NA,NA,NA,NA,NA,NA,NA,NA,NA,NA,NA,NA,NA,NA,NA,NA,NA,NA,NA,NA,NA,NA
86,2171,0,0,0,2.8,2.55,2.55,"Bachelor of Science in Computing Security",7.5,"7.5",21,10,NA,NA,NA,NA,"G12","Y","IB","4",0,"4",0,"4",0,NA,NA,NA,NA,NA,NA,NA,NA,NA,NA,NA,NA,NA,NA,NA,NA,NA,NA,NA,NA,NA,NA
87,2151,0,2.44,2.71,2.82,2.85,2.85,"Bachelor of Science in Mechanical Engineering",6.5,"6.5",24,6,NA,NA,NA,NA,"Uni, IGCSE, G12, G13-IB","IB, Equivalence","American","60",0,"66",0,"45",0,NA,NA,NA,NA,NA,NA,NA,NA,NA,NA,NA,NA,NA,NA,NA,NA,NA,NA,NA,NA,NA,NA
88,2165,0,0,2.83,2.81,2.77,2.77,"Bachelor of Science in Mechanical Engineering",6.5,"553",17,14,200,200,430,830,"G12","Y","American","76",0,"84",0,"75",0,NA,NA,NA,NA,NA,NA,NA,NA,NA,NA,NA,NA,NA,NA,NA,NA,NA,NA,NA,NA,NA,NA
89,2161,0,0,3.75,3.66,3.5,3.5,"Bachelor of Science in Microelectronic Engineering",7.5,"7.5",20,21,NA,NA,NA,NA,"G12","G12","American","93.4",0,"97.5",0,"98",0,"Mostly like me","Somewhat like me","Mostly like me","Mostly like me","Not much like me","Mostly like me","Not much like me","Very much like me","Mostly like me","Mostly like me","Mostly like me","Very much like me","Not much like me","Not much like me","Not much like me","Mostly like me","Very much like me","Mostly like me","Not much like me","Not like me at all","Not like me at all","Somewhat like me"
90,2171,0,0,0,1.75,1.64,1.64,"Bachelor of Science in Industrial Engineering",6.5,"6.5",11,13,460,460,520,1440,"Y","Y","American","76",0,"60",0,"63",0,NA,NA,NA,NA,NA,NA,NA,NA,NA,NA,NA,NA,NA,NA,NA,NA,NA,NA,NA,NA,NA,NA
91,2151,0,2.22,2.12,2.09,1.96,1.96,"Bachelor of Science in Electrical Engineering",6,"473/ 483/6 WS 2151 Exmpt-WS",13,13,NA,NA,NA,NA,"Uni","G12","American","71",0,"84",0,"83",0,NA,NA,NA,NA,NA,NA,NA,NA,NA,NA,NA,NA,NA,NA,NA,NA,NA,NA,NA,NA,NA,NA
92,2161,0,0,2.48,2.61,2.57,2.57,"Bachelor of Science in Industrial Engineering",7.5,"590",10,9,NA,NA,NA,NA,"2.7","2.7","American","88",0,"70",0,"75",0,NA,NA,NA,NA,NA,NA,NA,NA,NA,NA,NA,NA,NA,NA,NA,NA,NA,NA,NA,NA,NA,NA
93,2171,0,0,0,2.49,0,2.49,"Bachelor of Science in Computing Security",7,"7",13,7,510,510,540,1560,"G10, G11, G12","Y","American","82.3",0,"92.6",0,"97",0,"Very much like me","Not much like me","Mostly like me","Very much like me","Mostly like me","Somewhat like me","Not much like me","Mostly like me","Very much like me","Very much like me","Not much like me","Very much like me","Mostly like me","Not like me at all","Not much like me","Very much like me","Mostly like me","Mostly like me","Somewhat like me","Not like me at all","Not like me at all","Not like me at all"
94,2171,0,0,0,2.89,2.39,2.39,"Bachelor of Science in Electrical Engineering",6,"520/ 530 / 540",18,18,NA,NA,NA,NA,"Uni Transcript","Y","American","87",0,"70",0,"80",0,NA,NA,NA,NA,NA,NA,NA,NA,NA,NA,NA,NA,NA,NA,NA,NA,NA,NA,NA,NA,NA,NA
95,2161,0,0,2.35,2.48,2.56,2.56,"Bachelor of Science in Computing Security",5.5,"503/513",22,18,NA,NA,NA,NA,"G10,G11,G12","G10,G11,G12","American","63",0,"90",0,"83",0,NA,NA,NA,NA,NA,NA,NA,NA,NA,NA,NA,NA,NA,NA,NA,NA,NA,NA,NA,NA,NA,NA
96,2151,0,3.36,3.22,3.31,3.1,3.1,"Bachelor of Science in Electrical Engineering",7.5,"96",20,13,460,400,610,1470,"G10-12","G12, HS Diploma","American","100",0,"100",0,"99",0,NA,NA,NA,NA,NA,NA,NA,NA,NA,NA,NA,NA,NA,NA,NA,NA,NA,NA,NA,NA,NA,NA
97,2151,0,1.91,2.22,2.22,2.4,2.4,"Bachelor of Science in Computing Security",6.5,"6.5",10,12,NA,NA,NA,NA,"G9-10, G11(Final Yr)","G11, Equivalency","Others","80",3,"80",3,"80",3,NA,NA,NA,NA,NA,NA,NA,NA,NA,NA,NA,NA,NA,NA,NA,NA,NA,NA,NA,NA,NA,NA
98,2171,0,0,0,0.5,0.89,0.89,"Bachelor of Science in Industrial Engineering",7,"583",10,13,NA,NA,NA,NA,"Y","Y","IB","4",0,"2",0,"2",0,NA,NA,NA,NA,NA,NA,NA,NA,NA,NA,NA,NA,NA,NA,NA,NA,NA,NA,NA,NA,NA,NA
99,2151,0,2.46,2.33,2.35,0,2.35,"Bachelor of Science in Mechanical Engineering",6.5,"503, 5.5, 6.5",21,18,NA,NA,NA,NA,"G9-11","Form 11, HS Diploma","Others","4 Good",3,"5 Excellent",4,"5 Excellent",4,NA,NA,NA,NA,NA,NA,NA,NA,NA,NA,NA,NA,NA,NA,NA,NA,NA,NA,NA,NA,NA,NA
101,2171,0,0,0,3.67,1.69,1.69,"Bachelor of Science in Mechanical Engineering",5,"420/ 5",13,6,NA,NA,NA,NA,"G10,. G11, G12","G10,. G11, G12","African","90",4,"80",4,"85",4,NA,NA,NA,NA,NA,NA,NA,NA,NA,NA,NA,NA,NA,NA,NA,NA,NA,NA,NA,NA,NA,NA
102,2161,0,0,2.6,2.04,2.11,2.11,"Bachelor of Science in Mechanical Engineering",7.5,"7.5",9,9,NA,NA,NA,NA,"G10, G11, G12","G10, G11, G12","British","80",0,"66",0,"55",0,"Somewhat like me","Mostly like me","Mostly like me","Somewhat like me","Mostly like me","Mostly like me","Somewhat like me","Somewhat like me","Somewhat like me","Not much like me","Somewhat like me","Mostly like me","Not much like me","Not much like me","Somewhat like me","Somewhat like me","Somewhat like me","Somewhat like me","Not like me at all","Not much like me","Not much like me","Not much like me"
103,2161,0,0,2.88,3.08,3.12,3.12,"Bachelor of Science in Computing Security",7.5,"610",13,12,NA,NA,NA,NA,"Y","Y","IB","4",0,"2",0,"0",0,"Mostly like me","Somewhat like me","Not much like me","Mostly like me","Not like me at all","Mostly like me","Mostly like me","Not much like me","Very much like me","Mostly like me","Somewhat like me","Somewhat like me","Very much like me","Mostly like me","Not much like me","Not like me at all","Not like me at all","Somewhat like me","Mostly like me","Mostly like me","Mostly like me","Mostly like me"
104,2171,0,0,0,2.08,1.82,1.82,"Bachelor of Science in Mechanical Engineering",8,"633",14,15,590,590,560,1740,"Y","Y","IB","5",0,"4",0,"0",0,"Very much like me","Very much like me","Very much like me","Not much like me","Very much like me","Mostly like me","Somewhat like me","Not like me at all","Mostly like me","Mostly like me","Very much like me","Very much like me","Very much like me","Not like me at all","Not much like me","Very much like me","Very much like me","Somewhat like me","Very much like me","Not much like me","Not much like me","Not like me at all"
105,2171,0,0,0,2.44,2.25,2.25,"Bachelor of Science in Electrical Engineering",6.5,"6.5",10,8,NA,NA,NA,NA,"Y","Y","IB","100",0,"100",0,"0",0,"Somewhat like me","Mostly like me","Very much like me","Somewhat like me","Not much like me","Mostly like me","Not much like me","Not much like me","Mostly like me","Somewhat like me","Not much like me","Very much like me","Very much like me","Very much like me","Not much like me","Very much like me","Not like me at all","Mostly like me","Very much like me","Somewhat like me","Somewhat like me","Not much like me"
106,2165,0,0,1.67,2.07,1.88,1.88,"Bachelor of Science in Mechanical Engineering",6.5,"6.5",5,9,370,350,400,1120,"G10, G11,G12","Y","British","98",0,"97",0,"96",0,"Very much like me","Somewhat like me","Not much like me","Mostly like me","Not like me at all","Mostly like me","Somewhat like me","Not like me at all","Mostly like me","Mostly like me","Mostly like me","Very much like me","Not like me at all","Not like me at all","Not much like me","Very much like me","Very much like me","Very much like me","Somewhat like me","Not like me at all","Not like me at all","Not much like me"
107,2171,0,0,0,3.73,3.6,3.6,"Bachelor of Science in Electrical Engineering",8,"8",22,20,NA,NA,NA,NA,"G10, G11, G12","Y","British","64",0,"74",0,NA,0,"Very much like me","Not like me at all","Very much like me","Very much like me","Not like me at all","Very much like me","Somewhat like me","Not like me at all","Very much like me","Very much like me","Very much like me","Very much like me","Very much like me","Not much like me","Very much like me","Not like me at all","Not like me at all","Not much like me","Not like me at all","Mostly like me","Mostly like me","Very much like me"
108,2141,2.2,2.3,2.18,1.93,2.1,2.1,"(Business)",7.5,"7.5",16,12,NA,NA,NA,NA,"IGCSE&A Level","A, O Level","British","E",0,"A",0,"B",0,NA,NA,NA,NA,NA,NA,NA,NA,NA,NA,NA,NA,NA,NA,NA,NA,NA,NA,NA,NA,NA,NA
109,2161,0,0,3.36,3.46,3.46,3.46,"Bachelor of Science in Mechanical Engineering",7,"573",19,15,NA,NA,NA,NA,"Y","Y","Indian","90",0,"98",0,"88",0,"Very much like me","Not like me at all","Very much like me","Not like me at all","Not like me at all","Very much like me","Not like me at all","Not much like me","Very much like me","Not like me at all","Not like me at all","Very much like me","Very much like me","Not like me at all","Very much like me","Very much like me","Very much like me","Very much like me","Very much like me","Very much like me","Not like me at all","Very much like me"
110,2151,0,2.52,2.17,2.24,2.37,2.37,"Bachelor of Science in Industrial Engineering",7,"570",12,13,NA,NA,NA,NA,"IGCSE","IGCSE, HS Equivalency","American","B",0,"B",0,"0",0,NA,NA,NA,NA,NA,NA,NA,NA,NA,NA,NA,NA,NA,NA,NA,NA,NA,NA,NA,NA,NA,NA
111,2171,0,0,0,3.9,3.9,3.9,"Bachelor of Science in Electrical Engineering",9,"657",28,20,NA,NA,NA,NA,"Y","Y","Indian","85",0,"79",0,"83",0,"Mostly like me","Somewhat like me","Not much like me","Mostly like me","Somewhat like me","Mostly like me","Not much like me","Not much like me","Somewhat like me","Somewhat like me","Not much like me","Mostly like me","Not much like me","Not much like me","Not much like me","Somewhat like me","Mostly like me","Mostly like me","Not much like me","Not much like me","Not much like me","Not much like me"
112,2171,0,0,0,2.47,2.61,2.61,"Bachelor of Science in Mechanical Engineering",8,"8",21,22,NA,NA,NA,NA,"G10, G11, G12","Y","IB","4",0,"4",0,"5",0,"Very much like me","Somewhat like me","Somewhat like me","Mostly like me","Not much like me","Very much like me","Not much like me","Not like me at all","Somewhat like me","Very much like me","Somewhat like me","Mostly like me","Not much like me","Not like me at all","Not like me at all","Somewhat like me","Somewhat like me","Very much like me","Not much like me","Somewhat like me","Not like me at all","Not much like me"
113,2171,0,0,0,3.19,3.37,3.37,"Bachelor of Science in Computing Security",8.5,"647",24,15,540,540,610,1690,"IB grades","Y","IB","5",0,"5",0,"5",0,NA,NA,NA,NA,NA,NA,NA,NA,NA,NA,NA,NA,NA,NA,NA,NA,NA,NA,NA,NA,NA,NA
114,2171,0,0,0,1.82,0,1.82,"Bachelor of Science in Mechanical Engineering",7.5,"590",10,11,NA,NA,NA,NA,"IGCSE","Y","British","B",0,"A+",0,"A",0,NA,NA,NA,NA,NA,NA,NA,NA,NA,NA,NA,NA,NA,NA,NA,NA,NA,NA,NA,NA,NA,NA
115,2141,2.67,2.56,2.37,2.28,2.27,2.27,"Bachelor of Science in Mechanical Engineering",8,"8",15,15,480,580,550,1610,"Y","G13(IB), Diploma","IB","5",0,"3",0,"4",0,"Very much like me","Somewhat like me","Somewhat like me","Very much like me","Somewhat like me","Very much like me","Very much like me","Not like me at all","Somewhat like me","Very much like me","Somewhat like me","Very much like me","Somewhat like me","Somewhat like me","Mostly like me","Somewhat like me","Mostly like me","Mostly like me","Not much like me","Not much like me","Not much like me","Not much like me"
116,2141,2.18,2.15,2.2,2.24,2.32,2.32,"Bachelor of Science in Mechanical Engineering",8,"613",20,14,NA,NA,NA,NA,"IGCSE","IGCSE, AS Level","British","C",0,"E",0,"E",0,NA,NA,NA,NA,NA,NA,NA,NA,NA,NA,NA,NA,NA,NA,NA,NA,NA,NA,NA,NA,NA,NA
117,2171,0,0,0,2.91,0,2.91,"Bachelor of Science in Electrical Engineering",7,"7",16,9,NA,NA,NA,NA,"Y","Y","African",NA,4,"3.5",3.5,"3.5",3.5,NA,NA,NA,NA,NA,NA,NA,NA,NA,NA,NA,NA,NA,NA,NA,NA,NA,NA,NA,NA,NA,NA
118,2165,0,0,2.54,2.19,1.87,1.87,"Bachelor of Science in Business Administration- International Business",8,"8",8,14,NA,NA,NA,NA,"Transcript","Y","Indian","80",0,"57",0,"75",0,NA,NA,NA,NA,NA,NA,NA,NA,NA,NA,NA,NA,NA,NA,NA,NA,NA,NA,NA,NA,NA,NA
119,2171,0,0,0,3.08,1.1,1.1,"Bachelor of Science in Electrical Engineering",5,"400/ 5",8,5,NA,NA,NA,NA,"G10, G12","G10, G12","MOE","90",0,"72.3",0,"75.099999999999994",0,NA,NA,NA,NA,NA,NA,NA,NA,NA,NA,NA,NA,NA,NA,NA,NA,NA,NA,NA,NA,NA,NA
120,2151,0,3.17,3.05,3.05,3.03,3.03,"Bachelor of Science in Mechanical Engineering",7.5,"7.5",21,19,430,410,550,1390,"G9-11, G12CBSE","CBSE","British","75",0,"40",0,"60",0,NA,NA,NA,NA,NA,NA,NA,NA,NA,NA,NA,NA,NA,NA,NA,NA,NA,NA,NA,NA,NA,NA
121,2151,0,0.89,0.5,1.06,1.13,1.13,"Bachelor of Science in Business Administration- Finance",7,"95",11,11,NA,NA,NA,NA,"G10-12(IB)","G12(IB), Diploma","IB","4",0,"2",0,"2",0,NA,NA,NA,NA,NA,NA,NA,NA,NA,NA,NA,NA,NA,NA,NA,NA,NA,NA,NA,NA,NA,NA
122,2151,0,2.95,2.61,2.48,2.48,2.48,"Bachelor of Science in Mechanical Engineering",7,"7",18,12,NA,NA,NA,NA,"O & AS Level/Predicted A Level","A, AS, O Level","American","82",0,"73",0,"62",0,"Very much like me","Somewhat like me","Mostly like me","Mostly like me","Not much like me","Very much like me","Not much like me","Somewhat like me","Very much like me","Mostly like me","Mostly like me","Very much like me","Not much like me","Somewhat like me","Somewhat like me","Mostly like me","Mostly like me","Mostly like me","Not much like me","Not much like me","Mostly like me","Not like me at all"
123,2141,2.62,2.55,2.23,0,2.27,2.27,"Bachelor of Science in Business Administration- Finance",7.5,"97",16,10,550,450,470,1470,"G9-10&CBSE(12)","CBSE","Indian","82",0,"36",0,"49",0,NA,NA,NA,NA,NA,NA,NA,NA,NA,NA,NA,NA,NA,NA,NA,NA,NA,NA,NA,NA,NA,NA
124,2171,0,0,0,2.68,0,2.68,"Bachelor of Science in Mechanical Engineering",6.5,"87",7,14,NA,NA,NA,NA,"G10, G11, G12","Y","American","84",0,"91",0,"88",0,NA,NA,NA,NA,NA,NA,NA,NA,NA,NA,NA,NA,NA,NA,NA,NA,NA,NA,NA,NA,NA,NA
125,2161,0,0,3.58,3.3,3.14,3.14,"Bachelor of Science in Microelectronic Engineering",7,"95",22,12,550,590,720,1860,"G9, G10, G11,G12","G9, G10, G11,G12","SABIS","A-",0,"B+",0,"A-",0,NA,NA,NA,NA,NA,NA,NA,NA,NA,NA,NA,NA,NA,NA,NA,NA,NA,NA,NA,NA,NA,NA
126,2151,0,3.39,3.37,0,0,3.37,"Bachelor of Science in Mechanical Engineering",7,"94",24,19,480,510,600,1590,"IGCSE/G10-12","G12, HS Diploma","SABIS","80",0,"78",0,"94",0,"Mostly like me","Mostly like me","Mostly like me","Not much like me","Somewhat like me","Somewhat like me","Mostly like me","Not much like me","Not much like me","Somewhat like me","Mostly like me","Somewhat like me","Mostly like me","Somewhat like me","Mostly like me","Mostly like me","Mostly like me","Somewhat like me","Mostly like me","Not much like me","Mostly like me","Somewhat like me"
127,2151,0,3.05,3.3,3.22,3.15,3.15,"Bachelor of Science in Electrical Engineering",6.5,"6.5",24,17,420,560,590,1570,"G10-12(AS/A LEVEL)","G12, Diploma","SABIS","88",0,"76",0,"76",0,NA,NA,NA,NA,NA,NA,NA,NA,NA,NA,NA,NA,NA,NA,NA,NA,NA,NA,NA,NA,NA,NA
128,2151,0,3.24,3.09,3.09,0,3.09,"Bachelor of Science in Mechanical Engineering",6.5,"80",25,14,380,400,620,1400,"G9-11, G12-Term1","HS Diploma","SABIS","74",0,"83",0,"94",0,NA,NA,NA,NA,NA,NA,NA,NA,NA,NA,NA,NA,NA,NA,NA,NA,NA,NA,NA,NA,NA,NA
129,2151,0,2.99,3.04,3,2.81,2.81,"Bachelor of Science in Electrical Engineering",7,"91",26,15,420,460,600,1480,"G9-11, 12-Term1","HS Diploma","SABIS","82",0,"74",0,"85",0,"Mostly like me","Mostly like me","Mostly like me","Mostly like me","Not much like me","Somewhat like me","Somewhat like me","Somewhat like me","Very much like me","Very much like me","Mostly like me","Mostly like me","Not much like me","Not much like me","Not much like me","Somewhat like me","Somewhat like me","Very much like me","Mostly like me","Not much like me","Not much like me","Not like me at all"
130,2161,0,0,3.24,2.9,0,2.9,"Bachelor of Science in Electrical Engineering",7,"91",28,14,590,650,710,1950,"G10, G11, G12","G10, G11, G12","SABIS","86",0,"70",0,"70",0,"Mostly like me","Not much like me","Not much like me","Not much like me","Not like me at all","Somewhat like me","Mostly like me","Very much like me","Mostly like me","Mostly like me","Not much like me","Mostly like me","Not much like me","Not like me at all","Not like me at all","Somewhat like me","Not much like me","Somewhat like me","Not much like me","Not like me at all","Mostly like me","Not like me at all"
131,2151,0,3.22,2.93,2.91,3.01,3.01,"Bachelor of Science in Mechanical Engineering",6.5,"537/553",27,14,NA,NA,NA,NA,"IGCSE, G9-11, 12 (Term1)","G12, HS Diploma","SABIS","B-",0,"B-",0,"B+",0,NA,NA,NA,NA,NA,NA,NA,NA,NA,NA,NA,NA,NA,NA,NA,NA,NA,NA,NA,NA,NA,NA
132,2151,0,2.16,2.04,2.05,0,2.05,"Bachelor of Science in Mechanical Engineering",6.5,"6.5",19,16,NA,NA,NA,NA,"G9-12","G12","SABIS","B",0,"B-",0,"D",0,"Mostly like me","Somewhat like me","Very much like me","Mostly like me","Mostly like me","Not much like me","Somewhat like me","Mostly like me","Mostly like me","Somewhat like me","Somewhat like me","Very much like me","Mostly like me","Somewhat like me","Somewhat like me","Mostly like me","Somewhat like me","Somewhat like me","Mostly like me","Not much like me","Somewhat like me","Not much like me"
133,2161,0,0,3.29,3.12,3.02,3.02,"Bachelor of Science in Mechanical Engineering",7.5,"101",25,19,570,520,610,1700,"G12","G12","SABIS","A-",0,"C",0,"B+",0,NA,NA,NA,NA,NA,NA,NA,NA,NA,NA,NA,NA,NA,NA,NA,NA,NA,NA,NA,NA,NA,NA
134,2151,0,2.67,2.25,2.36,2.29,2.29,"Bachelor of Science in Business Administration- Management",6.5,"82",13,13,NA,NA,NA,NA,"G9-12","G12","SABIS","A-",0,"C",0,"0",0,"Mostly like me","Mostly like me","Somewhat like me","Not much like me","Somewhat like me","Not much like me","Mostly like me","Somewhat like me","Not much like me","Not much like me","Mostly like me","Somewhat like me","Very much like me","Mostly like me","Not much like me","Not much like me","Not much like me","Not much like me","Mostly like me","Mostly like me","Not much like me","Not like me at all"
135,2145,3.24,3.54,3.02,2.94,2.89,2.89,"Bachelor of Science in Mechanical Engineering",8,"633",26,20,NA,NA,NA,NA,"Y","G12","SABIS","83",0,"75",0,"76",0,"Somewhat like me","Very much like me","Somewhat like me","Not much like me","Very much like me","Not like me at all","Somewhat like me","Not much like me","Not much like me","Not much like me","Somewhat like me","Mostly like me","Very much like me","Somewhat like me","Very much like me","Somewhat like me","Not much like me","Not much like me","Mostly like me","Very much like me","Not much like me","Not like me at all"
136,2161,0,0,2.18,1.94,2.05,2.05,"Bachelor of Science in Microelectronic Engineering",7,"7",9,8,NA,NA,NA,NA,"G12","G12","MOE","96",0,"91",0,"92",0,NA,NA,NA,NA,NA,NA,NA,NA,NA,NA,NA,NA,NA,NA,NA,NA,NA,NA,NA,NA,NA,NA
137,2171,0,0,0,3.96,3.98,3.98,"Bachelor of Science in Mechanical Engineering",8,"8",25,20,750,750,760,2260,"G10, G11, G12","Y","British","90",0,"93",0,"97",0,"Mostly like me","Somewhat like me","Mostly like me","Somewhat like me","Not much like me","Mostly like me","Mostly like me","Mostly like me","Somewhat like me","Somewhat like me","Not much like me","Somewhat like me","Not much like me","Mostly like me","Not like me at all","Very much like me","Mostly like me","Mostly like me","Mostly like me","Somewhat like me","Somewhat like me","Not much like me"
138,2155,0,0,3.84,3.91,0,3.91,"Bachelor of Science in Mechanical Engineering",8.5,"650",25,22,560,610,670,1840,"IGCSE&AS/G10-12","IGCSE&AS/G10-12","African","90",4,"85",4,"87",4,NA,NA,NA,NA,NA,NA,NA,NA,NA,NA,NA,NA,NA,NA,NA,NA,NA,NA,NA,NA,NA,NA
139,2161,0,0,3.3,3.57,0,3.57,"Bachelor of Science in Mechanical Engineering",9,"667",19,18,570,570,630,1770,"IGCSE&AS/G10-12","IGCSE&AS/G10-12","African","75",4,"93",4,"93",4,NA,NA,NA,NA,NA,NA,NA,NA,NA,NA,NA,NA,NA,NA,NA,NA,NA,NA,NA,NA,NA,NA
140,2151,0,3.2,2.96,2.89,2.76,2.76,"Bachelor of Science in Mechanical Engineering",7,"95",23,22,NA,NA,590,590,"Y","G12, HS Diploma","American","A+",0,"A",0,"A",0,"Mostly like me","Not much like me","Somewhat like me","Very much like me","Mostly like me","Very much like me","Not much like me","Mostly like me","Somewhat like me","Very much like me","Mostly like me","Very much like me","Somewhat like me","Not much like me","Not much like me","Very much like me","Very much like me","Very much like me","Mostly like me","Somewhat like me","Mostly like me","Not much like me"
141,2171,0,0,0,2.6,0,2.6,"Bachelor of Science in Computing Security",7.5,"590",9,7,NA,NA,NA,NA,"Y","Y","IB","6",0,"3",0,NA,0,NA,NA,NA,NA,NA,NA,NA,NA,NA,NA,NA,NA,NA,NA,NA,NA,NA,NA,NA,NA,NA,NA
142,2175,0,0,0,3.81,0,3.81,"Bachelor of Science in Computing Security",7.5,"7.5",23,15,NA,NA,NA,NA,"Y","Y","Others","C1",3,"B",3.7,"B",3.7,NA,NA,NA,NA,NA,NA,NA,NA,NA,NA,NA,NA,NA,NA,NA,NA,NA,NA,NA,NA,NA,NA
143,2171,0,0,0,2.47,2.23,2.23,"Bachelor of Science in Computing Security",6.5,"6.5",10,4,200,200,510,910,"Y","Y","British","85",0,"85",0,"85",0,"Mostly like me","Somewhat like me","Mostly like me","Not much like me","Mostly like me","Somewhat like me","Mostly like me","Mostly like me","Somewhat like me","Somewhat like me","Mostly like me","Somewhat like me","Somewhat like me","Mostly like me","Not much like me","Very much like me","Somewhat like me","Mostly like me","Somewhat like me","Not much like me","Not much like me","Not much like me"
144,2141,1.62,1.91,1.75,2.09,2.25,2.25,"Bachelor of Science in Industrial Engineering",7.5,"593",14,8,NA,NA,NA,NA,"Y","CBSE","Indian","88",0,"34",0,"61",0,"Somewhat like me","Not much like me","Mostly like me","Mostly like me","Mostly like me","Very much like me","Mostly like me","Mostly like me","Somewhat like me","Mostly like me","Mostly like me","Very much like me","Mostly like me","Very much like me","Somewhat like me","Mostly like me","Somewhat like me","Very much like me","Somewhat like me","Very much like me","Very much like me","Mostly like me"
145,2171,0,0,0,3.79,3.71,3.71,"Bachelor of Science in Industrial Engineering",8,"8",20,24,NA,NA,NA,NA,"G12","Y","American","99",0,"97",0,"98",0,"Very much like me","Not much like me","Very much like me","Very much like me","Very much like me","Very much like me","Very much like me","Not much like me","Very much like me","Very much like me","Very much like me","Very much like me","Not much like me","Not much like me","Not like me at all","Very much like me","Very much like me","Very much like me","Not much like me","Not like me at all","Not like me at all","Not like me at all"
147,2141,2.37,2.76,2.82,2.72,2.7,2.7,"Bachelor of Science in Mechanical Engineering",6.5,"82",19,10,NA,NA,NA,NA,"Y","G12, Diploma","Others","77",4,"49",1,"66",3,"Very much like me","Not much like me","Not much like me","Very much like me","Not much like me","Very much like me","Not much like me","Not much like me","Very much like me","Very much like me","Very much like me","Very much like me","Not much like me","Not much like me","Not much like me","Not much like me","Mostly like me","Very much like me","Somewhat like me","Not much like me","Somewhat like me","Not much like me"
148,2151,0,2.33,2.54,2.57,2.63,2.63,"Bachelor of Science in Mechanical Engineering",6.5,"6.5",8,10,NA,NA,NA,NA,"G10-11, G12-Sem 1","G12, HS Diploma","Others","14.5 Good",4,"4.8 Weak",0,"9.9  Good",1,NA,NA,NA,NA,NA,NA,NA,NA,NA,NA,NA,NA,NA,NA,NA,NA,NA,NA,NA,NA,NA,NA
149,2145,2.33,0,2.28,2.21,2.18,2.18,"Bachelor of Science in Mechanical Engineering",7,"583",19,14,200,200,540,940,"UNI/HS","G12, Uni???","American","91",0,"79",0,"81",0,NA,NA,NA,NA,NA,NA,NA,NA,NA,NA,NA,NA,NA,NA,NA,NA,NA,NA,NA,NA,NA,NA
150,2151,0,0,3.53,3.56,3.54,3.54,"Bachelor of Science in Mechanical Engineering",6.5,"550, 543",20,17,380,390,650,1420,"G10-12","G12","American","94",0,"98",0,"88",0,NA,NA,NA,NA,NA,NA,NA,NA,NA,NA,NA,NA,NA,NA,NA,NA,NA,NA,NA,NA,NA,NA
151,2141,3.69,3.77,3.73,3.76,3.78,3.78,"Bachelor of Science in Mechanical Engineering",7.5,"7.5",26,16,490,540,700,1730,"G12 & IGCSE","G12, HS Diploma","American","90",0,"100",0,"97",0,"Very much like me","Not much like me","Very much like me","Somewhat like me","Mostly like me","Not like me at all","Not much like me","Not like me at all","Very much like me","Very much like me","Mostly like me","Mostly like me","Very much like me","Not much like me","Not much like me","Very much like me","Very much like me","Very much like me","Very much like me","Very much like me","Not much like me","Not much like me"
152,2165,0,0,2.92,2.52,2.58,2.58,"Bachelor of Science in Mechanical Engineering",4.5,"483 / 503",10,17,NA,NA,NA,NA,"Y","Y","British","D",0,"B",0,"B",0,NA,NA,NA,NA,NA,NA,NA,NA,NA,NA,NA,NA,NA,NA,NA,NA,NA,NA,NA,NA,NA,NA
153,2165,0,0,1.87,2.5,2.53,2.53,"Bachelor of Science in Mechanical Engineering",6.5,"563",20,12,NA,NA,NA,NA,"IGCSE","Y","British","B",0,"A",0,"C",0,"Very much like me","Somewhat like me","Not much like me","Very much like me","Not like me at all","Very much like me","Not much like me","Not much like me","Very much like me","Very much like me","Mostly like me","Very much like me","Somewhat like me","Not much like me","Very much like me","Somewhat like me","Very much like me","Very much like me","Somewhat like me","Somewhat like me","Somewhat like me","Somewhat like me"
154,2141,3.9,3.92,3.94,3.94,3.95,3.95,"Bachelor of Science in Electrical Engineering",8,"633",20,20,NA,NA,NA,NA,"KSCE results","KNEC, HS Diploma","African","4",4,"4",4,"4",4,NA,NA,NA,NA,NA,NA,NA,NA,NA,NA,NA,NA,NA,NA,NA,NA,NA,NA,NA,NA,NA,NA
155,2151,0,1.73,0,2.19,2.24,2.24,"Bachelor of Science in Mechanical Engineering",5.5,"480/460/5.5",11,10,NA,NA,NA,NA,"G10-12","G12","MOE","89.8",0,"95.3",0,"86.5",0,NA,NA,NA,NA,NA,NA,NA,NA,NA,NA,NA,NA,NA,NA,NA,NA,NA,NA,NA,NA,NA,NA
156,2145,2.17,2.02,2.12,2.23,2.31,2.31,"Bachelor of Science in Computing Security",6,"6, Exmpt-WS",12,7,NA,NA,NA,NA,"Y","G12, Diploma","American","94",0,"96",0,"91",0,NA,NA,NA,NA,NA,NA,NA,NA,NA,NA,NA,NA,NA,NA,NA,NA,NA,NA,NA,NA,NA,NA
157,2171,0,0,0,3.9,3.93,3.93,"Bachelor of Science in Computing Security",7.5,"7.5",27,20,NA,NA,NA,NA,"G10, G12","Y","Indian","95",0,"90",0,"87",0,NA,NA,NA,NA,NA,NA,NA,NA,NA,NA,NA,NA,NA,NA,NA,NA,NA,NA,NA,NA,NA,NA
158,2161,0,0,1.89,2.31,2.27,2.27,"Bachelor of Science in Industrial Engineering",4,"453",10,7,NA,NA,NA,NA,"G10-11,G12-FINAL","G10-11,G12-FINAL","British","86",0,"84",0,"96",0,"Mostly like me","Very much like me","Very much like me","Mostly like me","Very much like me","Very much like me","Very much like me","Not much like me","Mostly like me","Mostly like me","Mostly like me","Very much like me","Very much like me","Very much like me","Somewhat like me","Mostly like me","Somewhat like me","Very much like me","Somewhat like me","Very much like me","Mostly like me","Somewhat like me"
159,2151,0,3.08,2.82,2.72,2.63,2.63,"Bachelor of Science in Mechanical Engineering",6.5,"6.5",16,13,NA,NA,NA,NA,"G9-12","G12, HS Diploma","American","81.38",0,"80.88",0,"82.06",0,NA,NA,NA,NA,NA,NA,NA,NA,NA,NA,NA,NA,NA,NA,NA,NA,NA,NA,NA,NA,NA,NA
160,2175,0,0,0,2.87,0,2.87,"Bachelor of Science in Mechanical Engineering",8,"630",12,12,NA,NA,NA,NA,"G10,. G11, G12","G10,. G11, G12","American","91",0,"92",0,"77",0,NA,NA,NA,NA,NA,NA,NA,NA,NA,NA,NA,NA,NA,NA,NA,NA,NA,NA,NA,NA,NA,NA
161,2151,0,3.6,3.64,3.7,3.69,3.69,"Bachelor of Science in Electrical Engineering",7.5,"590",20,19,400,360,590,1350,"G10-11, G12CBSE","CBSE","Indian","85",0,"88",0,"77",0,NA,NA,NA,NA,NA,NA,NA,NA,NA,NA,NA,NA,NA,NA,NA,NA,NA,NA,NA,NA,NA,NA
162,2141,3.03,2.84,2.73,2.78,2.85,2.85,"Bachelor of Science in Electrical Engineering",8,"613",23,23,NA,NA,NA,NA,"G9-11&CBSE","CBSE","Indian","95",0,"47",0,"82",0,NA,NA,NA,NA,NA,NA,NA,NA,NA,NA,NA,NA,NA,NA,NA,NA,NA,NA,NA,NA,NA,NA
163,2171,0,0,0,3.89,3.92,3.92,"Bachelor of Science in Computing Security",8,"623",25,19,NA,NA,NA,NA,"Y","Y","Indian","96",0,"95",0,"95",0,"Somewhat like me","Mostly like me","Not much like me","Mostly like me","Somewhat like me","Mostly like me","Somewhat like me","Very much like me","Mostly like me","Somewhat like me","Somewhat like me","Somewhat like me","Not much like me","Somewhat like me","Not like me at all","Very much like me","Very much like me","Mostly like me","Mostly like me","Somewhat like me","Not much like me","Not much like me"
164,2151,0,2.03,2.69,2.85,2.87,2.87,"Bachelor of Science in Mechanical Engineering",6.5,"6.5",20,13,NA,NA,NA,NA,"G10-11, G12CBSE","CBSE, Diploma","British","70",0,"48",0,"68",0,"Mostly like me","Not much like me","Somewhat like me","Mostly like me","Not much like me","Mostly like me","Not much like me","Somewhat like me","Mostly like me","Mostly like me","Somewhat like me","Very much like me","Mostly like me","Not much like me","Mostly like me","Somewhat like me","Somewhat like me","Somewhat like me","Somewhat like me","Mostly like me","Mostly like me","Mostly like me"
165,2151,0,2.49,2.42,2.67,2.67,2.67,"Bachelor of Science in Mechanical Engineering",7,"587",19,17,NA,NA,NA,NA,"G10-11, G12(CBSE)","CBSE, Diploma, Equivalence","Indian","46",0,"48",0,"77",0,NA,NA,NA,NA,NA,NA,NA,NA,NA,NA,NA,NA,NA,NA,NA,NA,NA,NA,NA,NA,NA,NA
166,2175,0,0,0,3.33,3.02,3.02,"Bachelor of Science in Mechanical Engineering",6.5,"6.5",14,8,NA,NA,NA,NA,"Y","Y","British","B",0,"A",0,"A",0,"Mostly like me","Somewhat like me","Not much like me","Somewhat like me","Somewhat like me","Mostly like me","Not much like me","Not much like me","Very much like me","Very much like me","Mostly like me","Very much like me","Mostly like me","Somewhat like me","Not much like me","Very much like me","Very much like me","Very much like me","Somewhat like me","Not much like me","Not much like me","Somewhat like me"
167,2175,0,0,0,3.58,0,3.58,"Bachelor of Science in Mechanical Engineering",6.5,"6.5",10,13,NA,NA,NA,NA,"IGCSE","IGCSE","British","B",0,"B",0,"B",0,NA,NA,NA,NA,NA,NA,NA,NA,NA,NA,NA,NA,NA,NA,NA,NA,NA,NA,NA,NA,NA,NA
168,2151,0,3.18,2.9,0,0,2.9,"Bachelor of Science in Mechanical Engineering",6,"490, 507, 523; 540",14,17,NA,NA,NA,NA,NA,"SSC-Pakistan","Others","93/150",3.7,"114/150",4,"120/150",4,NA,NA,NA,NA,NA,NA,NA,NA,NA,NA,NA,NA,NA,NA,NA,NA,NA,NA,NA,NA,NA,NA
169,2171,0,0,0,2.78,0,2.78,"Bachelor of Science in Mechanical Engineering",8,"633",22,14,NA,NA,NA,NA,"Y","Y","IB","B",0,"A",0,"A",0,NA,NA,NA,NA,NA,NA,NA,NA,NA,NA,NA,NA,NA,NA,NA,NA,NA,NA,NA,NA,NA,NA
170,2151,0,2.83,3.01,3.03,3.06,3.06,"Bachelor of Science in Mechanical Engineering",7,"7",17,18,NA,NA,NA,NA,"G10-12","G12","American","86",0,"90",0,"86",0,NA,NA,NA,NA,NA,NA,NA,NA,NA,NA,NA,NA,NA,NA,NA,NA,NA,NA,NA,NA,NA,NA
171,2171,0,0,0,2.39,1.97,1.97,"Bachelor of Science in Microelectronic Engineering",5,"5",14,7,NA,NA,NA,NA,"Y","Y","MOE","88.9",0,"83.1",0,"78.900000000000006",0,NA,NA,NA,NA,NA,NA,NA,NA,NA,NA,NA,NA,NA,NA,NA,NA,NA,NA,NA,NA,NA,NA
172,2171,0,0,0,2,1.2,1.2,"Bachelor of Science in Industrial Engineering",5,"5",9,6,NA,NA,NA,NA,"Y","G12","MOE","66.8",0,"89.1",0,"64.400000000000006",0,NA,NA,NA,NA,NA,NA,NA,NA,NA,NA,NA,NA,NA,NA,NA,NA,NA,NA,NA,NA,NA,NA
173,2151,0,2.33,2.52,2.46,0,2.46,"Bachelor of Science in Mechanical Engineering",6.5,"567",12,8,NA,NA,NA,NA,"IGCSE","IGCSE","British","B",0,"B",0,"C",0,NA,NA,NA,NA,NA,NA,NA,NA,NA,NA,NA,NA,NA,NA,NA,NA,NA,NA,NA,NA,NA,NA
174,2161,0,0,3.18,3.19,0,3.19,"Bachelor of Science in Electrical Engineering",7.5,"7.5",19,17,NA,NA,NA,NA,"Y","Y","British","85",0,"95",0,"100",0,NA,NA,NA,NA,NA,NA,NA,NA,NA,NA,NA,NA,NA,NA,NA,NA,NA,NA,NA,NA,NA,NA
175,2155,0,2.11,2.1,2.31,2.29,2.29,"Bachelor of Science in Computing Security",8,"633",15,10,520,510,610,1640,"G11-12, G13(IB)","G11-12, G13(IB)","IB","4",0,"5",0,"0",0,NA,NA,NA,NA,NA,NA,NA,NA,NA,NA,NA,NA,NA,NA,NA,NA,NA,NA,NA,NA,NA,NA
176,2171,0,0,0,3.11,3.01,3.01,"Bachelor of Science in Industrial Engineering",7.5,"7.5",22,18,NA,NA,NA,NA,"Y","Y","British","A",0,"A+",0,"A",0,NA,NA,NA,NA,NA,NA,NA,NA,NA,NA,NA,NA,NA,NA,NA,NA,NA,NA,NA,NA,NA,NA
177,2141,2.55,2.83,2.95,3,3.01,3.01,"Bachelor of Science in Mechanical Engineering",6.5,"563",11,10,NA,NA,NA,NA,"IGCSE,GCSE,G7-10","IGCSE","British","B",0,"A",0,"0",0,"Very much like me","Mostly like me","Somewhat like me","Not much like me","Somewhat like me","Very much like me","Mostly like me","Not much like me","Mostly like me","Very much like me","Mostly like me","Mostly like me","Somewhat like me","Somewhat like me","Mostly like me","Mostly like me","Mostly like me","Mostly like me","Mostly like me","Somewhat like me","Somewhat like me","Somewhat like me"
178,2145,2.33,2.34,2.42,1.99,1.96,1.96,"Bachelor of Science in Computing Security",7,"580",7,7,NA,NA,NA,NA,"IGCSE","G12","American","B",0,"C",0,"D",0,"Very much like me","Somewhat like me","Not much like me","Mostly like me","Somewhat like me","Very much like me","Not much like me","Not much like me","Mostly like me","Somewhat like me","Mostly like me","Very much like me","Mostly like me","Very much like me","Mostly like me","Not much like me","Not much like me","Not much like me","Not much like me","Not much like me","Not like me at all","Not much like me"
179,2161,0,0,3.52,3.66,0,3.66,"Bachelor of Science in Electrical Engineering",7,"88",20,11,420,440,620,1480,"G10-G11, G12","G10-G11, G12","MOE","98",0,"99",0,"95",0,NA,NA,NA,NA,NA,NA,NA,NA,NA,NA,NA,NA,NA,NA,NA,NA,NA,NA,NA,NA,NA,NA
180,2171,0,0,0,2.96,2.97,2.97,"Bachelor of Science in Business Administration- International Business",7.5,"7.5",21,16,NA,NA,NA,NA,"Y","Y","British","A",0,"A",0,"A",0,NA,NA,NA,NA,NA,NA,NA,NA,NA,NA,NA,NA,NA,NA,NA,NA,NA,NA,NA,NA,NA,NA
181,2161,0,0,3.77,3.75,0,3.75,"Bachelor of Science in Mechanical Engineering",8,"620",18,8,NA,NA,NA,NA,"G10, G11, Pearson","G10, G11, Pearson","British","C",0,"A+",0,"A",0,NA,NA,NA,NA,NA,NA,NA,NA,NA,NA,NA,NA,NA,NA,NA,NA,NA,NA,NA,NA,NA,NA
182,2141,2.99,3.02,2.84,2.98,3.04,3.04,"Bachelor of Science in Mechanical Engineering",6.5,"567",16,12,NA,NA,NA,NA,"GCSE&IGCSE&Pred AS Level","AS Level, Equivalency","British","A",0,"A",0,"A",0,NA,NA,NA,NA,NA,NA,NA,NA,NA,NA,NA,NA,NA,NA,NA,NA,NA,NA,NA,NA,NA,NA
183,2161,0,0,3.59,3.54,0,3.54,"Bachelor of Science in Mechanical Engineering",7,"573",20,13,NA,NA,NA,NA,"Y","Y","American","98.7",0,"98.3",0,"96.3",0,NA,NA,NA,NA,NA,NA,NA,NA,NA,NA,NA,NA,NA,NA,NA,NA,NA,NA,NA,NA,NA,NA
184,2151,0,1.98,2.47,2.42,2.49,2.49,"Bachelor of Science in Computing Security",5,"61",12,21,NA,NA,NA,NA,"G10-11, G12-FINAL","G12","American","65",0,"79",0,"83",0,NA,NA,NA,NA,NA,NA,NA,NA,NA,NA,NA,NA,NA,NA,NA,NA,NA,NA,NA,NA,NA,NA
185,2171,0,0,0,3.95,3.97,3.97,"Bachelor of Science in Mechanical Engineering",7.5,"7.5",21,18,NA,NA,NA,NA,"Cambridge","Y","British","A",0,"A",0,"A",0,"Somewhat like me","Not much like me","Not much like me","Mostly like me","Not much like me","Very much like me","Not much like me","Mostly like me","Very much like me","Not much like me","Not much like me","Very much like me","Not much like me","Not much like me","Not much like me","Mostly like me","Mostly like me","Mostly like me","Not much like me","Not much like me","Not much like me","Not much like me"
186,2161,0,0,2,2.52,0,2.52,"Bachelor of Science in Mechanical Engineering",7.5,"603",13,8,NA,NA,NA,NA,"IGCSE, Uni","IGCSE, Uni","British","C",0,"A",0,"B",0,NA,NA,NA,NA,NA,NA,NA,NA,NA,NA,NA,NA,NA,NA,NA,NA,NA,NA,NA,NA,NA,NA
187,2151,0,3.47,3.18,0,3.07,3.07,"Bachelor of Science in Mechanical Engineering",7.5,"7.5",17,13,NA,NA,NA,NA,"G10, G11-Term1","IGCSE","British",NA,0,NA,0,NA,0,NA,NA,NA,NA,NA,NA,NA,NA,NA,NA,NA,NA,NA,NA,NA,NA,NA,NA,NA,NA,NA,NA
188,2141,2.99,3.16,3.2,3.16,3.21,3.21,"Bachelor of Science in Mechanical Engineering",7,"577",20,17,NA,NA,NA,NA,"IGCSE/A LEVEL","A Level","British","A",0,"A+",0,"A",0,NA,NA,NA,NA,NA,NA,NA,NA,NA,NA,NA,NA,NA,NA,NA,NA,NA,NA,NA,NA,NA,NA
189,2161,0,0,3.97,3.95,3.89,3.89,"Bachelor of Science in Electrical Engineering",7.5,"7.5",24,27,NA,NA,NA,NA,"Y","Y","Indian","96",0,"95",0,"95",0,"Mostly like me","Mostly like me","Not much like me","Not much like me","Not like me at all","Mostly like me","Not much like me","Mostly like me","Mostly like me","Not much like me","Somewhat like me","Mostly like me","Not much like me","Somewhat like me","Somewhat like me","Very much like me","Somewhat like me","Somewhat like me","Mostly like me","Not much like me","Not much like me","Not much like me"
190,2161,0,0,1,1.83,1.92,1.92,"Bachelor of Science in Business Administration- International Business",7.5,"603",12,7,NA,NA,NA,NA,NA,"Y","American","70",0,"72",0,"71",0,NA,NA,NA,NA,NA,NA,NA,NA,NA,NA,NA,NA,NA,NA,NA,NA,NA,NA,NA,NA,NA,NA
191,2171,0,0,0,1.86,1.59,1.59,"Bachelor of Science in Computing Security",6.5,"6.5",15,15,NA,NA,NA,NA,"Y","Y","British","B",0,"A",0,"A",0,NA,NA,NA,NA,NA,NA,NA,NA,NA,NA,NA,NA,NA,NA,NA,NA,NA,NA,NA,NA,NA,NA
192,2175,0,0,0,2.15,2.39,2.39,"Bachelor of Science in Mechanical Engineering",7.5,"7.5",18,15,NA,NA,NA,NA,"Y","Y","Others","63",2,"67",2,"62",2,"Mostly like me","Not much like me","Somewhat like me","Not much like me","Somewhat like me","Somewhat like me","Mostly like me","Somewhat like me","Very much like me","Somewhat like me","Mostly like me","Very much like me","Mostly like me","Mostly like me","Not like me at all","Somewhat like me","Somewhat like me","Mostly like me","Somewhat like me","Somewhat like me","Not much like me","Not much like me"
193,2161,0,0,1.78,2.1,2.04,2.04,"Bachelor of Science in Computing Security",6,"6/ 443",10,13,NA,NA,NA,NA,"Y","Y","Others","63",2,"63",2,"60",2,NA,NA,NA,NA,NA,NA,NA,NA,NA,NA,NA,NA,NA,NA,NA,NA,NA,NA,NA,NA,NA,NA
194,2145,2,2.63,2.78,2.69,2.75,2.75,"Bachelor of Science in Computing Security",7.5,"610",5,10,NA,NA,NA,NA,"Y","SS3, NECO","African","84",4,"0",0,"0",0,"Very much like me","Very much like me","Not much like me","Mostly like me","Not like me at all","Mostly like me","Not like me at all","Not much like me","Somewhat like me","Mostly like me","Very much like me","Mostly like me","Mostly like me","Not much like me","Not like me at all","Somewhat like me","Somewhat like me","Very much like me","Not much like me","Not like me at all","Somewhat like me","Not like me at all"
195,2171,0,0,0,4,3.92,3.92,"Bachelor of Science in Mechanical Engineering",8.5,"637",27,24,NA,NA,NA,NA,"Y","Y","Indian","88",0,"75",0,"95",0,NA,NA,NA,NA,NA,NA,NA,NA,NA,NA,NA,NA,NA,NA,NA,NA,NA,NA,NA,NA,NA,NA
196,2171,0,0,0,3.81,3.77,3.77,"Bachelor of Science in Mechanical Engineering",7.5,"100",24,18,440,450,560,1450,"CBSE","Y","Indian","93",0,"84",0,"94",0,"Very much like me","Mostly like me","Somewhat like me","Very much like me","Somewhat like me","Very much like me","Somewhat like me","Not much like me","Mostly like me","Very much like me","Somewhat like me","Very much like me","Very much like me","Very much like me","Not much like me","Mostly like me","Somewhat like me","Mostly like me","Very much like me","Not much like me","Mostly like me","Somewhat like me"
197,2165,0,0,2,2.17,2.11,2.11,"Bachelor of Science in Industrial Engineering",6.5,"85",22,23,NA,NA,NA,NA,"G10, G11, G12","Y","SABIS","81",0,"62",0,"95",0,NA,NA,NA,NA,NA,NA,NA,NA,NA,NA,NA,NA,NA,NA,NA,NA,NA,NA,NA,NA,NA,NA
198,2165,0,0,1.92,2.35,2.38,2.38,"Bachelor of Science in Industrial Engineering",6.5,"83",15,9,420,460,540,1420,"G11, G12","Y","SABIS","84",0,"75",0,"0",0,NA,NA,NA,NA,NA,NA,NA,NA,NA,NA,NA,NA,NA,NA,NA,NA,NA,NA,NA,NA,NA,NA
199,2151,0,3.94,3.95,3.95,3.95,3.95,"Bachelor of Science in Mechanical Engineering",8.5,"653",27,19,540,520,660,1720,"G9-11, G12-Predicted","CBSE, HS Diploma, Equivalence","Indian","90",0,"95",0,"95",0,NA,NA,NA,NA,NA,NA,NA,NA,NA,NA,NA,NA,NA,NA,NA,NA,NA,NA,NA,NA,NA,NA
200,2171,0,0,0,2.86,2.92,2.92,"Bachelor of Science in Mechanical Engineering",7,"7",11,14,NA,NA,NA,NA,"IGCSE","Y","British","A",0,"D",0,"B",0,"Mostly like me","Mostly like me","Mostly like me","Somewhat like me","Mostly like me","Mostly like me","Mostly like me","Not much like me","Somewhat like me","Somewhat like me","Mostly like me","Mostly like me","Somewhat like me","Mostly like me","Very much like me","Not much like me","Not much like me","Not much like me","Mostly like me","Mostly like me","Mostly like me","Mostly like me"
201,2175,0,0,0,2.33,2.37,2.37,"Bachelor of Science in Mechanical Engineering",6.5,"557",9,15,NA,NA,NA,NA,"Y","Y","British","B",0,"C",0,"B",0,"Somewhat like me","Not much like me","Not much like me","Somewhat like me","Somewhat like me","Somewhat like me","Not much like me","Not much like me","Somewhat like me","Not like me at all","Not much like me","Somewhat like me","Not much like me","Not much like me","Not much like me","Not much like me","Somewhat like me","Somewhat like me","Not much like me","Not much like me","Not much like me","Not much like me"
202,2161,0,0,3.15,2.53,0,2.53,"Bachelor of Science in Mechanical Engineering",8.5,"8.5",24,15,NA,NA,NA,NA,"Y","Y","British","A",0,"B",0,"B",0,NA,NA,NA,NA,NA,NA,NA,NA,NA,NA,NA,NA,NA,NA,NA,NA,NA,NA,NA,NA,NA,NA
203,2161,0,0,2.41,2.37,2.39,2.39,"Bachelor of Science in Electrical Engineering",7,"570",9,13,NA,NA,NA,NA,"GCSE, cambridge","GCSE, cambridge","British","A",0,"B",0,"B",0,NA,NA,NA,NA,NA,NA,NA,NA,NA,NA,NA,NA,NA,NA,NA,NA,NA,NA,NA,NA,NA,NA
204,2161,0,0,3.07,3.24,3.28,3.28,"Bachelor of Science in Mechanical Engineering",8.5,"643",25,18,NA,NA,NA,NA,"Y","Y","British","A+",0,"A+",0,"A+",0,"Mostly like me","Somewhat like me","Very much like me","Not much like me","Not much like me","Somewhat like me","Not much like me","Mostly like me","Not much like me","Not like me at all","Mostly like me","Somewhat like me","Somewhat like me","Not much like me","Mostly like me","Somewhat like me","Not much like me","Mostly like me","Mostly like me","Somewhat like me","Somewhat like me","Mostly like me"
205,2161,0,0,2.44,2.48,2.55,2.55,"Bachelor of Science in Mechanical Engineering",6.5,"6.5",16,15,NA,NA,NA,NA,"IGCSE","IGCSE","British","B",0,"A+",0,"A+",0,NA,NA,NA,NA,NA,NA,NA,NA,NA,NA,NA,NA,NA,NA,NA,NA,NA,NA,NA,NA,NA,NA
206,2151,0,3.59,3.39,3.19,3.21,3.21,"Bachelor of Science in Electrical Engineering",7.5,"7.5",17,14,NA,NA,NA,NA,"IGCSE, AS","IGCSE, AS","British","B",0,"A",0,"A",0,NA,NA,NA,NA,NA,NA,NA,NA,NA,NA,NA,NA,NA,NA,NA,NA,NA,NA,NA,NA,NA,NA
207,2171,0,0,0,0.89,0,0.89,"Bachelor of Science in Mechanical Engineering",6.5,"547; 560",12,10,NA,NA,NA,NA,"Y","Y","British","C",0,"C",0,"B",0,NA,NA,NA,NA,NA,NA,NA,NA,NA,NA,NA,NA,NA,NA,NA,NA,NA,NA,NA,NA,NA,NA
209,2171,0,0,0,3.08,3.29,3.29,"Bachelor of Science in Mechanical Engineering",7.5,"600",18,17,NA,NA,NA,NA,"G10, G11, G12","Y","British","C",0,"B",0,"A",0,NA,NA,NA,NA,NA,NA,NA,NA,NA,NA,NA,NA,NA,NA,NA,NA,NA,NA,NA,NA,NA,NA
210,2171,0,0,0,0,1.93,1.93,"Bachelor of Science in Business Administration- Marketing",6.5,"6.5",15,14,NA,NA,NA,NA,"Y","Y","British","C",0,"A",0,"A+",0,NA,NA,NA,NA,NA,NA,NA,NA,NA,NA,NA,NA,NA,NA,NA,NA,NA,NA,NA,NA,NA,NA
211,2165,0,0,2.87,2.3,2.31,2.31,"Bachelor of Science in Mechanical Engineering",7,"7",17,15,NA,NA,NA,NA,"G10, G11/ Cambridge","Y","British","66",0,"63",0,"68",0,NA,NA,NA,NA,NA,NA,NA,NA,NA,NA,NA,NA,NA,NA,NA,NA,NA,NA,NA,NA,NA,NA
212,2161,0,0,2.83,2.97,2.67,2.67,"Bachelor of Science in Electrical Engineering",6.5,"6.5",19,12,NA,NA,NA,NA,"G10/IGCSE","G10/IGCSE","British","A",0,"B",0,"B",0,"Very much like me","Very much like me","Very much like me","Somewhat like me","Very much like me","Mostly like me","Very much like me","Not like me at all","Somewhat like me","Mostly like me","Mostly like me","Mostly like me","Mostly like me","Somewhat like me","Not like me at all","Very much like me","Somewhat like me","Not much like me","Not much like me","Not like me at all","Not much like me","Somewhat like me"
213,2161,0,0,3.1,2.95,3.04,3.04,"Bachelor of Science in Mechanical Engineering",6.5,"84",19,9,490,490,560,1540,"G9, G10, G11,G12","G9, G10, G11,G12","American","A",0,"A",0,"A-",0,NA,NA,NA,NA,NA,NA,NA,NA,NA,NA,NA,NA,NA,NA,NA,NA,NA,NA,NA,NA,NA,NA
